Evaluated_Equity,Cash_Balance,Total_Assets,ROI_Pct,Date
0.0,100000.0,100000.0,0.00%,2026-03-30
89681.47,10299.11,99980.58,-0.02%,2026-03-31
99613.85,324.79,99938.64,-0.06%,2026-04-01
98980.08,324.79,99304.87,-0.70%,2026-04-02
98927.35,324.79,99252.14,-0.75%,2026-04-03
98927.35,324.79,99252.14,-0.75%,2026-04-06
98879.79,324.79,99204.58,-0.80%,2026-04-07
99942.63,324.79,100267.42,0.27%,2026-04-08
100630.32,324.79,100955.11,0.96%,2026-04-09
100011.29,324.79,100336.08,0.34%,2026-04-10
78873.88,21816.29,100690.17,0.69%,2026-04-13
79048.86,21816.29,100865.15,0.87%,2026-04-14
89155.9,11845.58,101001.48,1.00%,2026-04-15
89916.08,11845.58,101761.66,1.76%,2026-04-16
89797.05,11845.58,101642.63,1.64%,2026-04-17
89948.69,11845.58,101794.27,1.79%,2026-04-20
89760.06,11845.58,101605.64,1.61%,2026-04-21
91323.06,11845.58,103168.63,3.17%,2026-04-22
90373.04,13141.9,103514.94,3.51%,2026-04-23
98744.43,3144.18,101888.61,1.89%,2026-04-24
99381.4,3144.18,102525.58,2.53%,2026-04-27
98477.98,3144.18,101622.17,1.62%,2026-04-28
98783.6,3144.18,101927.78,1.93%,2026-04-29
99925.72,3144.18,103069.9,3.07%,2026-04-30
100022.6,3144.18,103166.79,3.17%,2026-05-01
99212.16,4004.1,103216.26,3.22%,2026-05-04
99470.83,4004.1,103474.94,3.47%,2026-05-05
99078.48,4004.1,103082.58,3.08%,2026-05-06
97923.1,4004.1,101927.2,1.93%,2026-05-07
97547.78,4004.1,101551.88,1.55%,2026-05-08
97288.87,4004.1,101292.97,1.29%,2026-05-11
97377.24,4004.1,101381.34,1.38%,2026-05-12
96432.22,4004.1,100436.33,0.44%,2026-05-13
95701.29,4004.1,99705.39,-0.29%,2026-05-14
94903.31,4004.1,98907.41,-1.09%,2026-05-15
96020.71,4004.1,100024.81,0.02%,2026-05-18
95361.72,4526.28,99888.0,-0.11%,2026-05-19
96231.35,4526.28,100757.63,0.76%,2026-05-20
98075.7,4526.28,102601.98,2.60%,2026-05-21
99270.15,4526.28,103796.44,3.80%,2026-05-22
99490.23,4526.28,104016.51,4.02%,2026-05-25
99490.23,4526.28,104016.51,4.02%,2026-05-26
98971.45,4526.28,103497.74,3.50%,2026-05-27
98782.89,4526.28,103309.17,3.31%,2026-05-28
98605.97,4526.28,103132.26,3.13%,2026-05-29
99107.02,4526.28,103633.3,3.63%,2026-06-01
97970.96,5768.62,103739.58,3.74%,2026-06-02
95997.67,7883.16,103880.83,3.88%,2026-06-03
97060.91,7883.16,104944.07,4.94%,2026-06-04
96082.64,7883.16,103965.8,3.97%,2026-06-05
96183.9,7883.16,104067.05,4.07%,2026-06-08
97721.17,7883.16,105604.33,5.60%,2026-06-09
98505.6,7883.16,106388.76,6.39%,2026-06-10
99896.58,7883.16,107779.74,7.78%,2026-06-11
88065.17,20891.68,108956.85,8.96%,2026-06-12
88205.23,20891.68,109096.92,9.10%,2026-06-15
76450.29,32898.6,109348.89,9.35%,2026-06-16
85133.69,22901.86,108035.55,8.04%,2026-06-17
95063.11,12955.92,108019.03,8.02%,2026-06-18
103702.48,3007.86,106710.34,6.71%,2026-06-19
103702.48,3007.86,106710.34,6.71%,2026-06-22
102704.55,3761.59,106466.13,6.47%,2026-06-23
102522.14,3761.59,106283.73,6.28%,2026-06-24
102254.34,3761.59,106015.93,6.02%,2026-06-25
102254.66,3761.59,106016.25,6.02%,2026-06-26
101279.62,3761.59,105041.21,5.04%,2026-06-29
100080.5,3761.59,103842.08,3.84%,2026-06-30
99860.14,3761.59,103621.73,3.62%,2026-07-01
101455.1,3761.59,105216.69,5.22%,2026-07-02
102361.75,3761.59,106123.33,6.12%,2026-07-03
102361.75,3761.59,106123.33,6.12%,2026-07-06
102874.31,3761.59,106635.9,6.64%,2026-07-07
101481.5,3761.59,105243.09,5.24%,2026-07-08
102408.78,3761.59,106170.36,6.17%,2026-07-09
102802.24,3761.59,106563.83,6.56%,2026-07-10
102483.41,3761.59,106245.0,6.25%,2026-07-13
102615.9,3761.59,106377.49,6.38%,2026-07-14
102335.31,3761.59,106096.9,6.10%,2026-07-15
103468.0,3761.59,107229.59,7.23%,2026-07-16
103817.24,3761.59,107578.83,7.58%,2026-07-17
102613.69,3761.59,106375.28,6.38%,2026-07-20
103335.16,3761.59,107096.74,7.10%,2026-07-21
104275.56,3761.59,108037.14,8.04%,2026-07-22
102268.14,3761.59,106029.73,6.03%,2026-07-23
103165.29,3761.59,106926.88,6.93%,2026-07-24
104317.68,3761.59,108079.27,8.08%,2026-07-27
106390.5,3761.59,110152.09,10.15%,2026-07-28
105848.27,3761.59,109609.86,9.61%,2026-07-29
104775.7,3761.59,108537.29,8.54%,2026-07-30
103202.38,3761.59,106963.97,6.96%,2026-07-31
104298.2,3761.59,108059.79,8.06%,2026-08-03
106061.09,3761.59,109822.68,9.82%,2026-08-04
105550.77,3761.59,109312.35,9.31%,2026-08-05
106501.97,3761.59,110263.56,10.26%,2026-08-06
107817.09,3761.59,111578.68,11.58%,2026-08-07
108727.63,3761.59,112489.22,12.49%,2026-08-10
108240.69,3761.59,112002.28,12.00%,2026-08-11
108060.0,3761.59,111821.59,11.82%,2026-08-12
108606.05,3761.59,112367.64,12.37%,2026-08-13
109289.78,3761.59,113051.37,13.05%,2026-08-14
108173.99,3761.59,111935.57,11.94%,2026-08-17
107989.35,3761.59,111750.93,11.75%,2026-08-18
108968.0,3761.59,112729.58,12.73%,2026-08-19
108432.91,3761.59,112194.5,12.19%,2026-08-20
109175.09,3761.59,112936.68,12.94%,2026-08-21
108874.89,3761.59,112636.47,12.64%,2026-08-24
108330.22,3761.59,112091.81,12.09%,2026-08-25
108336.38,3761.59,112097.97,12.10%,2026-08-26
107578.27,3761.59,111339.86,11.34%,2026-08-27
107278.26,3761.59,111039.84,11.04%,2026-08-28
106889.01,3761.59,110650.59,10.65%,2026-08-31
105795.74,3761.59,109557.33,9.56%,2026-09-01
106475.95,3761.59,110237.54,10.24%,2026-09-02
107777.28,3761.59,111538.87,11.54%,2026-09-03
107423.94,3761.59,111185.52,11.19%,2026-09-04
106295.76,3761.59,110057.35,10.06%,2026-09-07
106295.76,3761.59,110057.35,10.06%,2026-09-08
105581.71,3761.59,109343.3,9.34%,2026-09-09
105197.46,3761.59,108959.05,8.96%,2026-09-10
106902.91,3761.59,110664.5,10.66%,2026-09-11
105698.41,3761.59,109460.0,9.46%,2026-09-14
105222.54,3761.59,108984.13,8.98%,2026-09-15
101311.27,6532.9,107844.17,7.84%,2026-09-16
102733.32,6532.9,109266.21,9.27%,2026-09-17
102360.09,6532.9,108892.98,8.89%,2026-09-18
102919.25,6532.9,109452.15,9.45%,2026-09-21
103410.14,6532.9,109943.04,9.94%,2026-09-22
101419.78,6532.9,107952.67,7.95%,2026-09-23
100594.81,6532.9,107127.71,7.13%,2026-09-24
101674.47,6532.9,108207.37,8.21%,2026-09-25
100219.2,6532.9,106752.1,6.75%,2026-09-28
99983.12,6532.9,106516.02,6.52%,2026-09-29
